[
     {
          "element" :   {
               "symbol" :   "Ag",
               "class_" :   0,
               "isotope" :   0
          },
          "properties" :   {
               "recid" :   "",
               "atomic_mass" :   107.868202209473,
               "entropy" :   42.5499992370605,
               "heat_capacity" :   25.3500003814697,
               "volume" :   10.2720003128052,
               "valence" :   1,
               "number" :   47,
               "name" :   "Ag"
          }
     },
     {
          "element" :   {
               "symbol" :   "Al",
               "class_" :   0,
               "isotope" :   0
          },
          "properties" :   {
               "recid" :   "",
               "atomic_mass" :   26.9815406799316,
               "entropy" :   28.2999992370605,
               "heat_capacity" :   24.2000007629395,
               "volume" :   9.99300003051758,
               "valence" :   3,
               "number" :   13,
               "name" :   "Al"
          }
     },
     {
          "element" :   {
               "symbol" :   "Am",
               "class_" :   0,
               "isotope" :   0
          },
          "properties" :   {
               "recid" :   "",
               "atomic_mass" :   243.061004638672,
               "entropy" :   55.4000015258789,
               "heat_capacity" :   25.5,
               "volume" :   17.6299991607666,
               "valence" :   3,
               "number" :   95,
               "name" :   "Am"
          }
     },
     {
          "element" :   {
               "symbol" :   "Ar",
               "class_" :   0,
               "isotope" :   0
          },
          "properties" :   {
               "recid" :   "",
               "atomic_mass" :   39.9480018615723,
               "entropy" :   154.845993041992,
               "heat_capacity" :   20.7859992980957,
               "volume" :   24790,
               "valence" :   0,
               "number" :   18,
               "name" :   "Ar"
          }
     },
     {
          "element" :   {
               "symbol" :   "As",
               "class_" :   0,
               "isotope" :   0
          },
          "properties" :   {
               "recid" :   "",
               "atomic_mass" :   74.9215927124023,
               "entropy" :   35.689998626709,
               "heat_capacity" :   24.6539993286133,
               "volume" :   12.9630002975464,
               "valence" :   5,
               "number" :   33,
               "name" :   "As"
          }
     },
     {
          "element" :   {
               "symbol" :   "Au",
               "class_" :   0,
               "isotope" :   0
          },
          "properties" :   {
               "recid" :   "",
               "atomic_mass" :   196.966995239258,
               "entropy" :   47.4000015258789,
               "heat_capacity" :   25.4179992675781,
               "volume" :   10.2150001525879,
               "valence" :   1,
               "number" :   79,
               "name" :   "Au"
          }
     },
     {
          "element" :   {
               "symbol" :   "B",
               "class_" :   0,
               "isotope" :   0
          },
          "properties" :   {
               "recid" :   "",
               "atomic_mass" :   10.8120002746582,
               "entropy" :   5.90000009536743,
               "heat_capacity" :   11.0869998931885,
               "volume" :   4.38600015640259,
               "valence" :   3,
               "number" :   5,
               "name" :   "B"
          }
     },
     {
          "element" :   {
               "symbol" :   "Ba",
               "class_" :   0,
               "isotope" :   0
          },
          "properties" :   {
               "recid" :   "",
               "atomic_mass" :   137.328002929688,
               "entropy" :   62.4199981689453,
               "heat_capacity" :   28.0699996948242,
               "volume" :   39.2400016784668,
               "valence" :   2,
               "number" :   56,
               "name" :   "Ba"
          }
     },
     {
          "element" :   {
               "symbol" :   "Be",
               "class_" :   0,
               "isotope" :   0
          },
          "properties" :   {
               "recid" :   "",
               "atomic_mass" :   9.01218032836914,
               "entropy" :   9.5,
               "heat_capacity" :   16.443000793457,
               "volume" :   4.88000011444092,
               "valence" :   2,
               "number" :   4,
               "name" :   "Be"
          }
     },
     {
          "element" :   {
               "symbol" :   "Bi",
               "class_" :   0,
               "isotope" :   0
          },
          "properties" :   {
               "recid" :   "",
               "atomic_mass" :   208.979995727539,
               "entropy" :   56.7400016784668,
               "heat_capacity" :   25.5200004577637,
               "volume" :   21.3090000152588,
               "valence" :   3,
               "number" :   83,
               "name" :   "Bi"
          }
     },
     {
          "element" :   {
               "symbol" :   "Br",
               "class_" :   0,
               "isotope" :   0
          },
          "properties" :   {
               "recid" :   "",
               "atomic_mass" :   79.9039993286133,
               "entropy" :   76.1050033569336,
               "heat_capacity" :   37.8450012207031,
               "volume" :   27.2900009155273,
               "valence" :   -1,
               "number" :   35,
               "name" :   "Br"
          }
     },
     {
          "element" :   {
               "symbol" :   "C",
               "class_" :   0,
               "isotope" :   0
          },
          "properties" :   {
               "recid" :   "",
               "atomic_mass" :   12.0108003616333,
               "entropy" :   5.73999977111816,
               "heat_capacity" :   8.68200016021729,
               "volume" :   4.58440017700195,
               "valence" :   4,
               "number" :   6,
               "name" :   "C"
          }
     },
     {
          "element" :   {
               "symbol" :   "Ca",
               "class_" :   0,
               "isotope" :   0
          },
          "properties" :   {
               "recid" :   "",
               "atomic_mass" :   40.0779991149902,
               "entropy" :   41.5900001525879,
               "heat_capacity" :   25.9290008544922,
               "volume" :   25.8600006103516,
               "valence" :   2,
               "number" :   20,
               "name" :   "Ca"
          }
     },
     {
          "element" :   {
               "symbol" :   "Cd",
               "class_" :   0,
               "isotope" :   0
          },
          "properties" :   {
               "recid" :   "",
               "atomic_mass" :   112.410003662109,
               "entropy" :   51.7999992370605,
               "heat_capacity" :   26.0200004577637,
               "volume" :   12.9949998855591,
               "valence" :   2,
               "number" :   48,
               "name" :   "Cd"
          }
     },
     {
          "element" :   {
               "symbol" :   "Ce",
               "class_" :   0,
               "isotope" :   0
          },
          "properties" :   {
               "recid" :   "",
               "atomic_mass" :   140.119995117188,
               "entropy" :   72,
               "heat_capacity" :   26.9400005340576,
               "volume" :   20.6700000762939,
               "valence" :   3,
               "number" :   58,
               "name" :   "Ce"
          }
     },
     {
          "element" :   {
               "symbol" :   "Cl",
               "class_" :   0,
               "isotope" :   0
          },
          "properties" :   {
               "recid" :   "",
               "atomic_mass" :   35.4529991149902,
               "entropy" :   111.540496826172,
               "heat_capacity" :   16.9745006561279,
               "volume" :   12395,
               "valence" :   -1,
               "number" :   17,
               "name" :   "Cl"
          }
     },
     {
          "element" :   {
               "symbol" :   "Cm",
               "class_" :   0,
               "isotope" :   0
          },
          "properties" :   {
               "recid" :   "",
               "atomic_mass" :   247,
               "entropy" :   70.8000030517578,
               "heat_capacity" :   0,
               "volume" :   0,
               "valence" :   3,
               "number" :   96,
               "name" :   "Cm"
          }
     },
     {
          "element" :   {
               "symbol" :   "Co",
               "class_" :   0,
               "isotope" :   0
          },
          "properties" :   {
               "recid" :   "",
               "atomic_mass" :   58.9332008361816,
               "entropy" :   30.0400009155273,
               "heat_capacity" :   24.8099994659424,
               "volume" :   6.61999988555908,
               "valence" :   2,
               "number" :   27,
               "name" :   "Co"
          }
     },
     {
          "element" :   {
               "symbol" :   "Cr",
               "class_" :   0,
               "isotope" :   0
          },
          "properties" :   {
               "recid" :   "",
               "atomic_mass" :   51.9959983825684,
               "entropy" :   23.7700004577637,
               "heat_capacity" :   23.3500003814697,
               "volume" :   7.23099994659424,
               "valence" :   3,
               "number" :   24,
               "name" :   "Cr"
          }
     },
     {
          "element" :   {
               "symbol" :   "Cs",
               "class_" :   0,
               "isotope" :   0
          },
          "properties" :   {
               "recid" :   "",
               "atomic_mass" :   132.905395507812,
               "entropy" :   85.2300033569336,
               "heat_capacity" :   32.2099990844727,
               "volume" :   69.7300033569336,
               "valence" :   1,
               "number" :   55,
               "name" :   "Cs"
          }
     },
     {
          "element" :   {
               "symbol" :   "Cu",
               "class_" :   0,
               "isotope" :   0
          },
          "properties" :   {
               "recid" :   "",
               "atomic_mass" :   63.5460014343262,
               "entropy" :   33.1500015258789,
               "heat_capacity" :   24.4400005340576,
               "volume" :   7.11299991607666,
               "valence" :   2,
               "number" :   29,
               "name" :   "Cu"
          }
     },
     {
          "element" :   {
               "symbol" :   "Dy",
               "class_" :   0,
               "isotope" :   0
          },
          "properties" :   {
               "recid" :   "",
               "atomic_mass" :   162.5,
               "entropy" :   74.7699966430664,
               "heat_capacity" :   28.1599998474121,
               "volume" :   19.0300006866455,
               "valence" :   3,
               "number" :   66,
               "name" :   "Dy"
          }
     },
     {
          "element" :   {
               "symbol" :   "Er",
               "class_" :   0,
               "isotope" :   0
          },
          "properties" :   {
               "recid" :   "",
               "atomic_mass" :   167.259994506836,
               "entropy" :   73.1800003051758,
               "heat_capacity" :   28.1200008392334,
               "volume" :   18.4799995422363,
               "valence" :   3,
               "number" :   68,
               "name" :   "Er"
          }
     },
     {
          "element" :   {
               "symbol" :   "Eu",
               "class_" :   0,
               "isotope" :   0
          },
          "properties" :   {
               "recid" :   "",
               "atomic_mass" :   151.964004516602,
               "entropy" :   77.7799987792969,
               "heat_capacity" :   27.6599998474121,
               "volume" :   28.8899993896484,
               "valence" :   3,
               "number" :   63,
               "name" :   "Eu"
          }
     },
     {
          "element" :   {
               "symbol" :   "F",
               "class_" :   0,
               "isotope" :   0
          },
          "properties" :   {
               "recid" :   "",
               "atomic_mass" :   18.9983997344971,
               "entropy" :   101.395500183105,
               "heat_capacity" :   15.6520004272461,
               "volume" :   12395,
               "valence" :   -1,
               "number" :   9,
               "name" :   "F"
          }
     },
     {
          "element" :   {
               "symbol" :   "Fe",
               "class_" :   0,
               "isotope" :   0
          },
          "properties" :   {
               "recid" :   "",
               "atomic_mass" :   55.8450012207031,
               "entropy" :   27.2800006866455,
               "heat_capacity" :   24.9610004425049,
               "volume" :   7.09200000762939,
               "valence" :   2,
               "number" :   26,
               "name" :   "Fe"
          }
     },
     {
          "element" :   {
               "symbol" :   "Ga",
               "class_" :   0,
               "isotope" :   0
          },
          "properties" :   {
               "recid" :   "",
               "atomic_mass" :   69.7199935913086,
               "entropy" :   40.8800010681152,
               "heat_capacity" :   25.8600006103516,
               "volume" :   11.789999961853,
               "valence" :   3,
               "number" :   31,
               "name" :   "Ga"
          }
     },
     {
          "element" :   {
               "symbol" :   "Gd",
               "class_" :   0,
               "isotope" :   0
          },
          "properties" :   {
               "recid" :   "",
               "atomic_mass" :   157.25,
               "entropy" :   68.0699996948242,
               "heat_capacity" :   37.0299987792969,
               "volume" :   19.8899993896484,
               "valence" :   3,
               "number" :   64,
               "name" :   "Gd"
          }
     },
     {
          "element" :   {
               "symbol" :   "Ge",
               "class_" :   0,
               "isotope" :   0
          },
          "properties" :   {
               "recid" :   "",
               "atomic_mass" :   72.5899963378906,
               "entropy" :   31.0900001525879,
               "heat_capacity" :   23.2220001220703,
               "volume" :   13.6300001144409,
               "valence" :   4,
               "number" :   32,
               "name" :   "Ge"
          }
     },
     {
          "element" :   {
               "symbol" :   "H",
               "class_" :   0,
               "isotope" :   0
          },
          "properties" :   {
               "recid" :   "",
               "atomic_mass" :   1.00794994831085,
               "entropy" :   65.3399963378906,
               "heat_capacity" :   14.4090003967285,
               "volume" :   12395,
               "valence" :   1,
               "number" :   1,
               "name" :   "H"
          }
     },
     {
          "element" :   {
               "symbol" :   "He",
               "class_" :   0,
               "isotope" :   0
          },
          "properties" :   {
               "recid" :   "",
               "atomic_mass" :   4.00260019302368,
               "entropy" :   126.15299987793,
               "heat_capacity" :   20.7859992980957,
               "volume" :   24790,
               "valence" :   0,
               "number" :   2,
               "name" :   "He"
          }
     },
     {
          "element" :   {
               "symbol" :   "Hf",
               "class_" :   0,
               "isotope" :   0
          },
          "properties" :   {
               "recid" :   "",
               "atomic_mass" :   178.490005493164,
               "entropy" :   43.560001373291,
               "heat_capacity" :   25.7299995422363,
               "volume" :   13.5260000228882,
               "valence" :   4,
               "number" :   72,
               "name" :   "Hf"
          }
     },
     {
          "element" :   {
               "symbol" :   "Hg",
               "class_" :   0,
               "isotope" :   0
          },
          "properties" :   {
               "recid" :   "",
               "atomic_mass" :   200.589996337891,
               "entropy" :   76.0199966430664,
               "heat_capacity" :   27.9829998016357,
               "volume" :   14.826000213623,
               "valence" :   2,
               "number" :   80,
               "name" :   "Hg"
          }
     },
     {
          "element" :   {
               "symbol" :   "Ho",
               "class_" :   0,
               "isotope" :   0
          },
          "properties" :   {
               "recid" :   "",
               "atomic_mass" :   164.929992675781,
               "entropy" :   75.3000030517578,
               "heat_capacity" :   27.1499996185303,
               "volume" :   18.7399997711182,
               "valence" :   3,
               "number" :   67,
               "name" :   "Ho"
          }
     },
     {
          "element" :   {
               "symbol" :   "I",
               "class_" :   0,
               "isotope" :   0
          },
          "properties" :   {
               "recid" :   "",
               "atomic_mass" :   126.903999328613,
               "entropy" :   58.0699996948242,
               "heat_capacity" :   27.2189998626709,
               "volume" :   25.7940006256104,
               "valence" :   -1,
               "number" :   53,
               "name" :   "I"
          }
     },
     {
          "element" :   {
               "symbol" :   "In",
               "class_" :   0,
               "isotope" :   0
          },
          "properties" :   {
               "recid" :   "",
               "atomic_mass" :   114.819999694824,
               "entropy" :   57.8199996948242,
               "heat_capacity" :   26.7399997711182,
               "volume" :   15.75,
               "valence" :   3,
               "number" :   49,
               "name" :   "In"
          }
     },
     {
          "element" :   {
               "symbol" :   "Ir",
               "class_" :   0,
               "isotope" :   0
          },
          "properties" :   {
               "recid" :   "",
               "atomic_mass" :   192.199996948242,
               "entropy" :   35.4799995422363,
               "heat_capacity" :   25.1000003814697,
               "volume" :   8.54199981689453,
               "valence" :   4,
               "number" :   77,
               "name" :   "Ir"
          }
     },
     {
          "element" :   {
               "symbol" :   "K",
               "class_" :   0,
               "isotope" :   0
          },
          "properties" :   {
               "recid" :   "",
               "atomic_mass" :   39.0983009338379,
               "entropy" :   64.6799926757812,
               "heat_capacity" :   29.6000003814697,
               "volume" :   45.4630012512207,
               "valence" :   1,
               "number" :   19,
               "name" :   "K"
          }
     },
     {
          "element" :   {
               "symbol" :   "Kr",
               "class_" :   0,
               "isotope" :   0
          },
          "properties" :   {
               "recid" :   "",
               "atomic_mass" :   83.8000030517578,
               "entropy" :   164.085006713867,
               "heat_capacity" :   20.7859992980957,
               "volume" :   24789,
               "valence" :   0,
               "number" :   36,
               "name" :   "Kr"
          }
     },
     {
          "element" :   {
               "symbol" :   "La",
               "class_" :   0,
               "isotope" :   0
          },
          "properties" :   {
               "recid" :   "",
               "atomic_mass" :   138.910003662109,
               "entropy" :   56.9000015258789,
               "heat_capacity" :   27.1100006103516,
               "volume" :   22.4699993133545,
               "valence" :   3,
               "number" :   57,
               "name" :   "La"
          }
     },
     {
          "element" :   {
               "symbol" :   "Li",
               "class_" :   0,
               "isotope" :   0
          },
          "properties" :   {
               "recid" :   "",
               "atomic_mass" :   6.94099998474121,
               "entropy" :   29.1200008392334,
               "heat_capacity" :   24.8600006103516,
               "volume" :   13.0959997177124,
               "valence" :   1,
               "number" :   3,
               "name" :   "Li"
          }
     },
     {
          "element" :   {
               "symbol" :   "Lu",
               "class_" :   0,
               "isotope" :   0
          },
          "properties" :   {
               "recid" :   "",
               "atomic_mass" :   174.970001220703,
               "entropy" :   50.9599990844727,
               "heat_capacity" :   26.8600006103516,
               "volume" :   17.7700004577637,
               "valence" :   3,
               "number" :   71,
               "name" :   "Lu"
          }
     },
     {
          "element" :   {
               "symbol" :   "Mg",
               "class_" :   0,
               "isotope" :   0
          },
          "properties" :   {
               "recid" :   "",
               "atomic_mass" :   24.3050003051758,
               "entropy" :   32.6699981689453,
               "heat_capacity" :   24.8689994812012,
               "volume" :   13.996000289917,
               "valence" :   2,
               "number" :   12,
               "name" :   "Mg"
          }
     },
     {
          "element" :   {
               "symbol" :   "Mn",
               "class_" :   0,
               "isotope" :   0
          },
          "properties" :   {
               "recid" :   "",
               "atomic_mass" :   54.9379997253418,
               "entropy" :   32.0099983215332,
               "heat_capacity" :   26.3199996948242,
               "volume" :   7.39400005340576,
               "valence" :   2,
               "number" :   25,
               "name" :   "Mn"
          }
     },
     {
          "element" :   {
               "symbol" :   "Mo",
               "class_" :   0,
               "isotope" :   0
          },
          "properties" :   {
               "recid" :   "",
               "atomic_mass" :   95.9399871826172,
               "entropy" :   28.6599998474121,
               "heat_capacity" :   23.8999996185303,
               "volume" :   9.39999961853027,
               "valence" :   6,
               "number" :   42,
               "name" :   "Mo"
          }
     },
     {
          "element" :   {
               "symbol" :   "N",
               "class_" :   0,
               "isotope" :   0
          },
          "properties" :   {
               "recid" :   "",
               "atomic_mass" :   14.0066995620728,
               "entropy" :   95.8044967651367,
               "heat_capacity" :   14.5670003890991,
               "volume" :   12395,
               "valence" :   5,
               "number" :   7,
               "name" :   "N"
          }
     },
     {
          "element" :   {
               "symbol" :   "Na",
               "class_" :   0,
               "isotope" :   0
          },
          "properties" :   {
               "recid" :   "",
               "atomic_mass" :   22.9897994995117,
               "entropy" :   51.2999992370605,
               "heat_capacity" :   28.2299995422363,
               "volume" :   23.7999992370605,
               "valence" :   1,
               "number" :   11,
               "name" :   "Na"
          }
     },
     {
          "element" :   {
               "symbol" :   "Nb",
               "class_" :   0,
               "isotope" :   0
          },
          "properties" :   {
               "recid" :   "",
               "atomic_mass" :   92.9059982299805,
               "entropy" :   36.4000015258789,
               "heat_capacity" :   24.6000003814697,
               "volume" :   10.8660001754761,
               "valence" :   5,
               "number" :   41,
               "name" :   "Nb"
          }
     },
     {
          "element" :   {
               "symbol" :   "Nd",
               "class_" :   0,
               "isotope" :   0
          },
          "properties" :   {
               "recid" :   "",
               "atomic_mass" :   144.240005493164,
               "entropy" :   71.5,
               "heat_capacity" :   27.4500007629395,
               "volume" :   20.5699996948242,
               "valence" :   3,
               "number" :   60,
               "name" :   "Nd"
          }
     },
     {
          "element" :   {
               "symbol" :   "Ne",
               "class_" :   0,
               "isotope" :   0
          },
          "properties" :   {
               "recid" :   "",
               "atomic_mass" :   20.1790008544922,
               "entropy" :   146.328002929688,
               "heat_capacity" :   20.7859992980957,
               "volume" :   24789,
               "valence" :   0,
               "number" :   10,
               "name" :   "Ne"
          }
     },
     {
          "element" :   {
               "symbol" :   "Ni",
               "class_" :   0,
               "isotope" :   0
          },
          "properties" :   {
               "recid" :   "",
               "atomic_mass" :   58.693000793457,
               "entropy" :   29.8700008392334,
               "heat_capacity" :   26.0699996948242,
               "volume" :   6.58900022506714,
               "valence" :   2,
               "number" :   28,
               "name" :   "Ni"
          }
     },
     {
          "element" :   {
               "symbol" :   "Nia",
               "class_" :   2,
               "isotope" :   0
          },
          "properties" :   {
               "recid" :   "",
               "atomic_mass" :   14.0066995620728,
               "entropy" :   95.8044967651367,
               "heat_capacity" :   14.5670003890991,
               "volume" :   12395,
               "valence" :   0,
               "number" :   7,
               "name" :   "Nia"
          }
     },
     {
          "element" :   {
               "symbol" :   "Nit",
               "class_" :   2,
               "isotope" :   0
          },
          "properties" :   {
               "recid" :   "",
               "atomic_mass" :   14.0066995620728,
               "entropy" :   95.8044967651367,
               "heat_capacity" :   14.5670003890991,
               "volume" :   12395,
               "valence" :   0,
               "number" :   99,
               "name" :   "Nit"
          }
     },
     {
          "element" :   {
               "symbol" :   "Np",
               "class_" :   0,
               "isotope" :   0
          },
          "properties" :   {
               "recid" :   "",
               "atomic_mass" :   237.048202514648,
               "entropy" :   50.4599990844727,
               "heat_capacity" :   29.6200008392334,
               "volume" :   11.5892000198364,
               "valence" :   6,
               "number" :   93,
               "name" :   "Np"
          }
     },
     {
          "element" :   {
               "symbol" :   "O",
               "class_" :   0,
               "isotope" :   0
          },
          "properties" :   {
               "recid" :   "",
               "atomic_mass" :   15.999400138855,
               "entropy" :   102.569000244141,
               "heat_capacity" :   14.66100025177,
               "volume" :   12395,
               "valence" :   -2,
               "number" :   8,
               "name" :   "O"
          }
     },
     {
          "element" :   {
               "symbol" :   "Os",
               "class_" :   0,
               "isotope" :   0
          },
          "properties" :   {
               "recid" :   "",
               "atomic_mass" :   190.199996948242,
               "entropy" :   32.5999984741211,
               "heat_capacity" :   24.7000007629395,
               "volume" :   8.42399978637695,
               "valence" :   4,
               "number" :   76,
               "name" :   "Os"
          }
     },
     {
          "element" :   {
               "symbol" :   "P",
               "class_" :   0,
               "isotope" :   0
          },
          "properties" :   {
               "recid" :   "",
               "atomic_mass" :   30.9737606048584,
               "entropy" :   41.0900001525879,
               "heat_capacity" :   23.8239994049072,
               "volume" :   17.0200004577637,
               "valence" :   5,
               "number" :   15,
               "name" :   "P"
          }
     },
     {
          "element" :   {
               "symbol" :   "Pa",
               "class_" :   0,
               "isotope" :   0
          },
          "properties" :   {
               "recid" :   "",
               "atomic_mass" :   231.035903930664,
               "entropy" :   51.5999984741211,
               "heat_capacity" :   26.8360004425049,
               "volume" :   14.9799995422363,
               "valence" :   5,
               "number" :   91,
               "name" :   "Pa"
          }
     },
     {
          "element" :   {
               "symbol" :   "Pb",
               "class_" :   0,
               "isotope" :   0
          },
          "properties" :   {
               "recid" :   "",
               "atomic_mass" :   207.199996948242,
               "entropy" :   64.8000030517578,
               "heat_capacity" :   26.6499996185303,
               "volume" :   18.1800003051758,
               "valence" :   2,
               "number" :   82,
               "name" :   "Pb"
          }
     },
     {
          "element" :   {
               "symbol" :   "Pd",
               "class_" :   0,
               "isotope" :   0
          },
          "properties" :   {
               "recid" :   "",
               "atomic_mass" :   106.419998168945,
               "entropy" :   37.8199996948242,
               "heat_capacity" :   25.3400001525879,
               "volume" :   8.86200046539307,
               "valence" :   2,
               "number" :   46,
               "name" :   "Pd"
          }
     },
     {
          "element" :   {
               "symbol" :   "Po",
               "class_" :   0,
               "isotope" :   0
          },
          "properties" :   {
               "recid" :   "",
               "atomic_mass" :   209.979995727539,
               "entropy" :   62.7999992370605,
               "heat_capacity" :   26.3999996185303,
               "volume" :   23,
               "valence" :   4,
               "number" :   84,
               "name" :   "Po"
          }
     },
     {
          "element" :   {
               "symbol" :   "Pr",
               "class_" :   0,
               "isotope" :   0
          },
          "properties" :   {
               "recid" :   "",
               "atomic_mass" :   140.906997680664,
               "entropy" :   73.1999969482422,
               "heat_capacity" :   27.2000007629395,
               "volume" :   20.8099994659424,
               "valence" :   3,
               "number" :   59,
               "name" :   "Pr"
          }
     },
     {
          "element" :   {
               "symbol" :   "Pt",
               "class_" :   0,
               "isotope" :   0
          },
          "properties" :   {
               "recid" :   "",
               "atomic_mass" :   195.089996337891,
               "entropy" :   41.6300010681152,
               "heat_capacity" :   25.8600006103516,
               "volume" :   9.09099960327148,
               "valence" :   2,
               "number" :   78,
               "name" :   "Pt"
          }
     },
     {
          "element" :   {
               "symbol" :   "Pu",
               "class_" :   0,
               "isotope" :   0
          },
          "properties" :   {
               "recid" :   "",
               "atomic_mass" :   244.063995361328,
               "entropy" :   54.4599990844727,
               "heat_capacity" :   31.4899997711182,
               "volume" :   12.085000038147,
               "valence" :   6,
               "number" :   94,
               "name" :   "Pu"
          }
     },
     {
          "element" :   {
               "symbol" :   "Ra",
               "class_" :   0,
               "isotope" :   0
          },
          "properties" :   {
               "recid" :   "",
               "atomic_mass" :   226.024993896484,
               "entropy" :   71,
               "heat_capacity" :   28.7000007629395,
               "volume" :   45.2000007629395,
               "valence" :   2,
               "number" :   88,
               "name" :   "Ra"
          }
     },
     {
          "element" :   {
               "symbol" :   "Rb",
               "class_" :   0,
               "isotope" :   0
          },
          "properties" :   {
               "recid" :   "",
               "atomic_mass" :   85.4677963256836,
               "entropy" :   76.7799987792969,
               "heat_capacity" :   31.0599994659424,
               "volume" :   55.8499984741211,
               "valence" :   1,
               "number" :   37,
               "name" :   "Rb"
          }
     },
     {
          "element" :   {
               "symbol" :   "Re",
               "class_" :   0,
               "isotope" :   0
          },
          "properties" :   {
               "recid" :   "",
               "atomic_mass" :   186.199996948242,
               "entropy" :   36.8600006103516,
               "heat_capacity" :   25.4799995422363,
               "volume" :   8.85999965667725,
               "valence" :   4,
               "number" :   75,
               "name" :   "Re"
          }
     },
     {
          "element" :   {
               "symbol" :   "Rh",
               "class_" :   0,
               "isotope" :   0
          },
          "properties" :   {
               "recid" :   "",
               "atomic_mass" :   102.904998779297,
               "entropy" :   31.5100002288818,
               "heat_capacity" :   24.9799995422363,
               "volume" :   8.2819995880127,
               "valence" :   2,
               "number" :   45,
               "name" :   "Rh"
          }
     },
     {
          "element" :   {
               "symbol" :   "Rn",
               "class_" :   0,
               "isotope" :   0
          },
          "properties" :   {
               "recid" :   "",
               "atomic_mass" :   222,
               "entropy" :   176.210006713867,
               "heat_capacity" :   20.7859992980957,
               "volume" :   24789,
               "valence" :   0,
               "number" :   86,
               "name" :   "Rn"
          }
     },
     {
          "element" :   {
               "symbol" :   "Ru",
               "class_" :   0,
               "isotope" :   0
          },
          "properties" :   {
               "recid" :   "",
               "atomic_mass" :   101.069999694824,
               "entropy" :   28.5300006866455,
               "heat_capacity" :   24.0599994659424,
               "volume" :   8.17099952697754,
               "valence" :   2,
               "number" :   44,
               "name" :   "Ru"
          }
     },
     {
          "element" :   {
               "symbol" :   "S",
               "class_" :   0,
               "isotope" :   0
          },
          "properties" :   {
               "recid" :   "",
               "atomic_mass" :   32.0670013427734,
               "entropy" :   31.7980003356934,
               "heat_capacity" :   22.7630004882812,
               "volume" :   15.5100002288818,
               "valence" :   6,
               "number" :   16,
               "name" :   "S"
          }
     },
     {
          "element" :   {
               "symbol" :   "Sb",
               "class_" :   0,
               "isotope" :   0
          },
          "properties" :   {
               "recid" :   "",
               "atomic_mass" :   121.75,
               "entropy" :   45.689998626709,
               "heat_capacity" :   25.2299995422363,
               "volume" :   18.2299995422363,
               "valence" :   3,
               "number" :   51,
               "name" :   "Sb"
          }
     },
     {
          "element" :   {
               "symbol" :   "Sc",
               "class_" :   0,
               "isotope" :   0
          },
          "properties" :   {
               "recid" :   "",
               "atomic_mass" :   44.9560012817383,
               "entropy" :   34.6399993896484,
               "heat_capacity" :   25.5200004577637,
               "volume" :   15.039999961853,
               "valence" :   3,
               "number" :   21,
               "name" :   "Sc"
          }
     },
     {
          "element" :   {
               "symbol" :   "Se",
               "class_" :   0,
               "isotope" :   0
          },
          "properties" :   {
               "recid" :   "",
               "atomic_mass" :   78.9599990844727,
               "entropy" :   42.0900001525879,
               "heat_capacity" :   25.0900001525879,
               "volume" :   16.4200000762939,
               "valence" :   4,
               "number" :   34,
               "name" :   "Se"
          }
     },
     {
          "element" :   {
               "symbol" :   "Si",
               "class_" :   0,
               "isotope" :   0
          },
          "properties" :   {
               "recid" :   "",
               "atomic_mass" :   28.0855007171631,
               "entropy" :   18.8099994659424,
               "heat_capacity" :   19.7889995574951,
               "volume" :   12.0559997558594,
               "valence" :   4,
               "number" :   14,
               "name" :   "Si"
          }
     },
     {
          "element" :   {
               "symbol" :   "Sm",
               "class_" :   0,
               "isotope" :   0
          },
          "properties" :   {
               "recid" :   "",
               "atomic_mass" :   150.350006103516,
               "entropy" :   69.5800018310547,
               "heat_capacity" :   29.5400009155273,
               "volume" :   19.9799995422363,
               "valence" :   3,
               "number" :   62,
               "name" :   "Sm"
          }
     },
     {
          "element" :   {
               "symbol" :   "Sn",
               "class_" :   0,
               "isotope" :   0
          },
          "properties" :   {
               "recid" :   "",
               "atomic_mass" :   118.710998535156,
               "entropy" :   51.2120018005371,
               "heat_capacity" :   26.3519992828369,
               "volume" :   16.2900009155273,
               "valence" :   2,
               "number" :   50,
               "name" :   "Sn"
          }
     },
     {
          "element" :   {
               "symbol" :   "Sr",
               "class_" :   0,
               "isotope" :   0
          },
          "properties" :   {
               "recid" :   "",
               "atomic_mass" :   87.620002746582,
               "entropy" :   55.7000007629395,
               "heat_capacity" :   26.3999996185303,
               "volume" :   33.9199981689453,
               "valence" :   2,
               "number" :   38,
               "name" :   "Sr"
          }
     },
     {
          "element" :   {
               "symbol" :   "Ta",
               "class_" :   0,
               "isotope" :   0
          },
          "properties" :   {
               "recid" :   "",
               "atomic_mass" :   180.947998046875,
               "entropy" :   41.5099983215332,
               "heat_capacity" :   25.3600006103516,
               "volume" :   10.8999996185303,
               "valence" :   5,
               "number" :   73,
               "name" :   "Ta"
          }
     },
     {
          "element" :   {
               "symbol" :   "Tb",
               "class_" :   0,
               "isotope" :   0
          },
          "properties" :   {
               "recid" :   "",
               "atomic_mass" :   158.92399597168,
               "entropy" :   73.2200012207031,
               "heat_capacity" :   28.9099998474121,
               "volume" :   19.2199993133545,
               "valence" :   3,
               "number" :   65,
               "name" :   "Tb"
          }
     },
     {
          "element" :   {
               "symbol" :   "Tc",
               "class_" :   0,
               "isotope" :   0
          },
          "properties" :   {
               "recid" :   "",
               "atomic_mass" :   97.9069976806641,
               "entropy" :   32.5,
               "heat_capacity" :   24.8999996185303,
               "volume" :   8.19999980926514,
               "valence" :   7,
               "number" :   43,
               "name" :   "Tc"
          }
     },
     {
          "element" :   {
               "symbol" :   "Te",
               "class_" :   0,
               "isotope" :   0
          },
          "properties" :   {
               "recid" :   "",
               "atomic_mass" :   127.599998474121,
               "entropy" :   49.2220001220703,
               "heat_capacity" :   25.5645999908447,
               "volume" :   2.04500007629395,
               "valence" :   6,
               "number" :   52,
               "name" :   "Te"
          }
     },
     {
          "element" :   {
               "symbol" :   "Th",
               "class_" :   0,
               "isotope" :   0
          },
          "properties" :   {
               "recid" :   "",
               "atomic_mass" :   232.038101196289,
               "entropy" :   51.7999992370605,
               "heat_capacity" :   26.2299995422363,
               "volume" :   19.7900009155273,
               "valence" :   4,
               "number" :   90,
               "name" :   "Th"
          }
     },
     {
          "element" :   {
               "symbol" :   "Ti",
               "class_" :   0,
               "isotope" :   0
          },
          "properties" :   {
               "recid" :   "",
               "atomic_mass" :   47.8800010681152,
               "entropy" :   30.7199993133545,
               "heat_capacity" :   25.0599994659424,
               "volume" :   10.6300001144409,
               "valence" :   4,
               "number" :   22,
               "name" :   "Ti"
          }
     },
     {
          "element" :   {
               "symbol" :   "Tl",
               "class_" :   0,
               "isotope" :   0
          },
          "properties" :   {
               "recid" :   "",
               "atomic_mass" :   204.369995117188,
               "entropy" :   64.1799926757812,
               "heat_capacity" :   26.3199996948242,
               "volume" :   17.2099990844727,
               "valence" :   1,
               "number" :   81,
               "name" :   "Tl"
          }
     },
     {
          "element" :   {
               "symbol" :   "Tm",
               "class_" :   0,
               "isotope" :   0
          },
          "properties" :   {
               "recid" :   "",
               "atomic_mass" :   168.934005737305,
               "entropy" :   74.0100021362305,
               "heat_capacity" :   27.0300006866455,
               "volume" :   18.1299991607666,
               "valence" :   3,
               "number" :   69,
               "name" :   "Tm"
          }
     },
     {
          "element" :   {
               "symbol" :   "U",
               "class_" :   0,
               "isotope" :   0
          },
          "properties" :   {
               "recid" :   "",
               "atomic_mass" :   238.028900146484,
               "entropy" :   50.2000007629395,
               "heat_capacity" :   27.6599998474121,
               "volume" :   12.4969997406006,
               "valence" :   6,
               "number" :   92,
               "name" :   "U"
          }
     },
     {
          "element" :   {
               "symbol" :   "V",
               "class_" :   0,
               "isotope" :   0
          },
          "properties" :   {
               "recid" :   "",
               "atomic_mass" :   50.9420013427734,
               "entropy" :   28.9099998474121,
               "heat_capacity" :   24.8899993896484,
               "volume" :   8.78299999237061,
               "valence" :   5,
               "number" :   23,
               "name" :   "V"
          }
     },
     {
          "element" :   {
               "symbol" :   "Vol",
               "class_" :   5,
               "isotope" :   0
          },
          "properties" :   {
               "recid" :   "",
               "atomic_mass" :   0,
               "entropy" :   0,
               "heat_capacity" :   0,
               "volume" :   1,
               "valence" :   0,
               "number" :   100,
               "name" :   "Vol"
          }
     },
     {
          "element" :   {
               "symbol" :   "W",
               "class_" :   0,
               "isotope" :   0
          },
          "properties" :   {
               "recid" :   "",
               "atomic_mass" :   183.850006103516,
               "entropy" :   32.6399993896484,
               "heat_capacity" :   24.25,
               "volume" :   9.52600002288818,
               "valence" :   6,
               "number" :   74,
               "name" :   "W"
          }
     },
     {
          "element" :   {
               "symbol" :   "Xe",
               "class_" :   0,
               "isotope" :   0
          },
          "properties" :   {
               "recid" :   "",
               "atomic_mass" :   131.289993286133,
               "entropy" :   169.684997558594,
               "heat_capacity" :   20.7859992980957,
               "volume" :   24789,
               "valence" :   0,
               "number" :   54,
               "name" :   "Xe"
          }
     },
     {
          "element" :   {
               "symbol" :   "Y",
               "class_" :   0,
               "isotope" :   0
          },
          "properties" :   {
               "recid" :   "",
               "atomic_mass" :   88.9049987792969,
               "entropy" :   44.4300003051758,
               "heat_capacity" :   26.5300006866455,
               "volume" :   15.039999961853,
               "valence" :   3,
               "number" :   39,
               "name" :   "Y"
          }
     },
     {
          "element" :   {
               "symbol" :   "Yb",
               "class_" :   0,
               "isotope" :   0
          },
          "properties" :   {
               "recid" :   "",
               "atomic_mass" :   173.039993286133,
               "entropy" :   59.8699989318848,
               "heat_capacity" :   26.7399997711182,
               "volume" :   24.8299999237061,
               "valence" :   3,
               "number" :   70,
               "name" :   "Yb"
          }
     },
     {
          "element" :   {
               "symbol" :   "Zn",
               "class_" :   0,
               "isotope" :   0
          },
          "properties" :   {
               "recid" :   "",
               "atomic_mass" :   65.379997253418,
               "entropy" :   41.6300010681152,
               "heat_capacity" :   25.3899993896484,
               "volume" :   9.1569995880127,
               "valence" :   2,
               "number" :   30,
               "name" :   "Zn"
          }
     },
     {
          "element" :   {
               "symbol" :   "Zr",
               "class_" :   0,
               "isotope" :   0
          },
          "properties" :   {
               "recid" :   "",
               "atomic_mass" :   91.2239990234375,
               "entropy" :   39.0800018310547,
               "heat_capacity" :   26.0799999237061,
               "volume" :   14.0500001907349,
               "valence" :   4,
               "number" :   40,
               "name" :   "Zr"
          }
     },
     {
          "element" :   {
               "symbol" :   "Zz",
               "class_" :   4,
               "isotope" :   0
          },
          "properties" :   {
               "recid" :   "",
               "atomic_mass" :   0,
               "entropy" :   -65.3399963378906,
               "heat_capacity" :   -14.4180002212524,
               "volume" :   0,
               "valence" :   0,
               "number" :   0,
               "name" :   "Zz"
          }
     }
]
